"timestamp","open","high","low","close","volume","name"
"2018-09-14",86.38,86.39,85.81,86.09,78647,"VOX"
"2018-09-13",85.86,86.22,85.7,86.14,48653,"VOX"
"2018-09-12",85.3,85.67,84.95,85.62,137602,"VOX"
"2018-09-11",84.75,85.63,84.71,85.53,102227,"VOX"
"2018-09-10",84.91,84.9775,84.39,84.77,91148,"VOX"
"2018-09-07",83.94,84.919,83.86,84.54,103559,"VOX"
"2018-09-06",84.69,85.095,83.755,84.33,197205,"VOX"
"2018-09-05",85.75,85.75,84.65,84.93,87899,"VOX"
"2018-09-04",86.21,86.26,85.5001,85.98,213738,"VOX"
"2018-08-31",87.06,87.1877,86.51,86.81,53577,"VOX"
"2018-08-30",87.71,88,87.22,87.48,56514,"VOX"
"2018-08-29",87.59,88.03,87.3856,87.96,218143,"VOX"
"2018-08-28",87.88,87.9,87.42,87.54,44243,"VOX"
"2018-08-27",87.51,88.075,87.5,87.79,58539,"VOX"
"2018-08-24",86.21,87.16,86.21,87.15,79397,"VOX"
"2018-08-23",86.23,86.75,85.95,85.98,42847,"VOX"
"2018-08-22",86.42,86.54,86.12,86.43,42657,"VOX"
"2018-08-21",86.25,87.0376,86.25,86.51,61406,"VOX"
"2018-08-20",86.19,86.34,85.67,86.15,80837,"VOX"
"2018-08-17",85.94,86.31,85.52,86.06,46497,"VOX"
"2018-08-16",86.5,86.7899,86.02,86.18,70005,"VOX"
"2018-08-15",86.75,86.75,85.4872,86.13,98311,"VOX"
"2018-08-14",86.51,87.2214,86.4306,87.14,61035,"VOX"
"2018-08-13",86.5,86.979,86.2777,86.33,47474,"VOX"
"2018-08-10",86.75,86.82,86.3,86.5,51448,"VOX"
"2018-08-09",86.62,87.4252,86.46,87.0879,113120,"VOX"
"2018-08-08",86.56,86.76,86.33,86.36,76403,"VOX"
"2018-08-07",86.68,86.89,86.56,86.56,68185,"VOX"
"2018-08-06",85.43,86.44,85.23,86.44,61704,"VOX"
"2018-08-03",85.07,85.4,84.761,85.23,43901,"VOX"
"2018-08-02",83.58,84.9179,83.55,84.84,102394,"VOX"
"2018-08-01",84.37,84.91,83.96,84.2,66245,"VOX"
"2018-07-31",84.32,84.92,84.17,84.42,109209,"VOX"
"2018-07-30",84.59,84.59,83.84,84.22,108933,"VOX"
"2018-07-27",85.47,85.6073,84.2999,84.65,280080,"VOX"
"2018-07-26",84.69,85.3934,84.17,85.3,297633,"VOX"
"2018-07-25",86.7,86.9,86.27,86.68,50246,"VOX"
"2018-07-24",87.3,87.45,86.35,86.85,63225,"VOX"
"2018-07-23",85.91,86.23,85.5,86.16,90542,"VOX"
"2018-07-20",86.26,86.38,85.9,85.97,88054,"VOX"
"2018-07-19",86.82,86.9,86.2,86.3,54657,"VOX"
"2018-07-18",87.33,87.4,86.78,86.98,161247,"VOX"
"2018-07-17",86.99,87.7973,86.76,87.5,76364,"VOX"
"2018-07-16",87.83,88.03,87.59,87.66,98622,"VOX"
"2018-07-13",88.03,88.11,87.6426,87.89,70293,"VOX"
"2018-07-12",87.33,88.25,87.32,88.11,114416,"VOX"
"2018-07-11",87.3,87.81,87.1158,87.18,113157,"VOX"
"2018-07-10",87.94,88.05,87.67,88.03,211069,"VOX"
"2018-07-09",87.89,87.89,87.5,87.75,92223,"VOX"
"2018-07-06",86.36,87.46,86.36,87.37,56159,"VOX"
"2018-07-05",85.72,86.5,85.45,86.39,147164,"VOX"
"2018-07-03",85.38,85.75,84.75,84.75,161104,"VOX"
"2018-07-02",84.4,85.22,84.15,85.19,288159,"VOX"
"2018-06-29",85.31,85.4208,84.87,84.92,130038,"VOX"
"2018-06-28",84.23,85.4264,84.08,85.26,100512,"VOX"
"2018-06-27",85.78,86.18,84.91,84.91,48545,"VOX"
"2018-06-26",85.86,85.92,85.24,85.77,94561,"VOX"
"2018-06-25",86.55,86.55,85.2548,85.66,127945,"VOX"
"2018-06-22",86.39,87.035,86.39,86.75,41227,"VOX"
"2018-06-21",87.15,87.16,86.07,86.22,48638,"VOX"
"2018-06-20",87.47,87.47,86.8001,86.94,100580,"VOX"
"2018-06-19",85.8,87.2,85.8,86.99,61369,"VOX"
"2018-06-18",86.25,86.5972,86.06,86.49,56191,"VOX"
"2018-06-15",86.2,86.75,85.9,86.75,48815,"VOX"
"2018-06-14",84.98,86.3096,84.98,86.25,65323,"VOX"
"2018-06-13",85.44,85.44,84.63,84.63,66211,"VOX"
"2018-06-12",85.25,85.94,85.25,85.76,62717,"VOX"
"2018-06-11",84.79,85.46,84.79,85.22,61125,"VOX"
"2018-06-08",84.3,84.93,83.98,84.77,40146,"VOX"
"2018-06-07",84.13,84.9,83.952,84.56,45927,"VOX"
"2018-06-06",84.12,84.3,83.63,84.29,194617,"VOX"
"2018-06-05",83.7,84.2,83.61,83.92,54344,"VOX"
"2018-06-04",83.49,83.84,83.49,83.63,88448,"VOX"
"2018-06-01",82.39,83.57,82.39,83.22,73669,"VOX"
"2018-05-31",83.29,83.29,82.189,82.58,176200,"VOX"
"2018-05-30",82.65,83.64,82.43,83.55,137431,"VOX"
"2018-05-29",82.17,82.64,81.77,82.28,171205,"VOX"
"2018-05-25",83.31,83.31,82.45,82.58,96271,"VOX"
"2018-05-24",83.54,83.74,83.19,83.44,37830,"VOX"
"2018-05-23",83.86,83.95,83.06,83.57,62550,"VOX"
"2018-05-22",84.35,84.68,83.99,83.99,93811,"VOX"
"2018-05-21",83.46,84.11,83.335,84.01,106565,"VOX"
"2018-05-18",83.24,83.43,82.867,83.28,55222,"VOX"
"2018-05-17",83.42,83.75,83.25,83.29,38568,"VOX"
"2018-05-16",83.11,83.64,82.9758,83.39,106103,"VOX"
"2018-05-15",83.08,83.44,82.72,83.1,82785,"VOX"
"2018-05-14",84.26,84.3,83.45,83.62,44647,"VOX"
"2018-05-11",83.84,84.56,83.84,84.1,55403,"VOX"
"2018-05-10",82.35,83.5121,82.35,83.43,76511,"VOX"
"2018-05-09",82.5,82.5248,81.62,82,60021,"VOX"
"2018-05-08",83.35,83.36,82.12,82.46,139245,"VOX"
"2018-05-07",84.06,84.23,83.39,83.49,47302,"VOX"
"2018-05-04",82.87,84.0227,82.7,83.8,47389,"VOX"
"2018-05-03",83.54,83.6337,82.51,83.09,210999,"VOX"
"2018-05-02",83.77,84.28,83.36,83.66,67195,"VOX"
"2018-05-01",84.78,84.81,82.91,83.62,55748,"VOX"
"2018-04-30",87.22,87.22,84.81,84.81,59806,"VOX"
"2018-04-27",87.16,87.89,87.16,87.45,95511,"VOX"
"2018-04-26",87.11,87.146,85.99,86.6,143799,"VOX"
"2018-04-25",87.41,88.21,86.93,88.21,178312,"VOX"
"2018-09-14",54.37,54.42,53.84,54.3,13067644,"XLU"
"2018-09-13",54.16,54.61,53.905,54.59,8774233,"XLU"
"2018-09-12",54.22,54.52,54.06,54.18,9809863,"XLU"
"2018-09-11",54.35,54.57,54.12,54.23,9046926,"XLU"
"2018-09-10",54.21,54.59,54.17,54.37,9932444,"XLU"
"2018-09-07",54.24,54.5,53.975,54.1,16183467,"XLU"
"2018-09-06",54.49,54.94,54.33,54.77,12352821,"XLU"
"2018-09-05",53.65,54.49,53.65,54.46,14834843,"XLU"
"2018-09-04",53.53,54,53.48,53.71,12965095,"XLU"
"2018-08-31",53.78,54,53.265,53.47,12132467,"XLU"
"2018-08-30",53.77,53.99,53.51,53.7,13475708,"XLU"
"2018-08-29",53.42,53.68,53.34,53.68,11911219,"XLU"
"2018-08-28",53.27,53.47,53.13,53.29,10066151,"XLU"
"2018-08-27",53.77,53.92,53.13,53.4,12384078,"XLU"
"2018-08-24",53.44,53.78,53.23,53.73,7846320,"XLU"
"2018-08-23",53.52,53.88,53.395,53.5,11168073,"XLU"
"2018-08-22",53.99,54,53.335,53.54,12652563,"XLU"
"2018-08-21",54.25,54.28,53.775,53.94,11850849,"XLU"
"2018-08-20",54.63,54.66,54.195,54.33,9574616,"XLU"
"2018-08-17",54.21,54.755,54.11,54.52,14115082,"XLU"
"2018-08-16",53.54,54.275,53.43,54.24,13273020,"XLU"
"2018-08-15",53.34,53.98,53.2301,53.66,19272709,"XLU"
"2018-08-14",53.08,53.3752,53.02,53.17,9943892,"XLU"
"2018-08-13",53.08,53.16,52.81,53.06,17273381,"XLU"
"2018-08-10",53.29,53.66,52.97,52.99,13300549,"XLU"
"2018-08-09",52.97,53.25,52.785,53.22,8681114,"XLU"
"2018-08-08",53.08,53.159,52.79,52.98,17006025,"XLU"
"2018-08-07",53.24,53.345,52.84,53.26,13108200,"XLU"
"2018-08-06",53.35,53.65,53.24,53.34,12199055,"XLU"
"2018-08-03",52.73,53.4352,52.55,53.3,15416611,"XLU"
"2018-08-02",52.43,52.87,52.12,52.71,17291919,"XLU"
"2018-08-01",52.49,52.6,52,52.45,19985360,"XLU"
"2018-07-31",52.55,52.93,52.36,52.79,15219786,"XLU"
"2018-07-30",52.57,52.57,52.15,52.32,9476372,"XLU"
"2018-07-27",52.84,53.07,52.43,52.64,15748099,"XLU"
"2018-07-26",52.5,52.9599,52.41,52.81,19071002,"XLU"
"2018-07-25",52.09,52.51,51.93,52.25,13468701,"XLU"
"2018-07-24",51.78,52.26,51.18,52.1,15698804,"XLU"
"2018-07-23",52.3,52.4,51.74,51.92,14763727,"XLU"
"2018-07-20",52.5,52.64,51.94,52.29,13828495,"XLU"
"2018-07-19",52.23,52.97,52.23,52.66,11119379,"XLU"
"2018-07-18",52.39,52.48,51.96,52.18,10361284,"XLU"
"2018-07-17",52.57,52.66,52.4,52.45,11053491,"XLU"
"2018-07-16",52.5,52.63,52.225,52.49,10493196,"XLU"
"2018-07-13",52.6,52.72,52.19,52.54,10959274,"XLU"
"2018-07-12",52.49,52.635,52.25,52.53,17136743,"XLU"
"2018-07-11",52,52.58,51.96,52.49,21772312,"XLU"
"2018-07-10",51.04,52.3,50.89,52.02,27109051,"XLU"
"2018-07-09",53.16,53.165,51.35,51.53,27936766,"XLU"
"2018-07-06",52.87,53.29,52.78,53.17,12396658,"XLU"
"2018-07-05",52.51,52.8,52.29,52.76,11030959,"XLU"
"2018-07-03",52.35,52.79,52.11,52.48,10605554,"XLU"
"2018-07-02",51.99,52.36,51.745,52.33,15702804,"XLU"
"2018-06-29",51.79,52.17,51.5,51.96,14379021,"XLU"
"2018-06-28",51.95,52.365,51.795,51.88,15037810,"XLU"
"2018-06-27",51.59,52,51.45,51.9,21764672,"XLU"
"2018-06-26",51.45,51.95,51.34,51.65,19908731,"XLU"
"2018-06-25",50.76,51.695,50.76,51.59,21466164,"XLU"
"2018-06-22",50.43,50.88,50.33,50.75,12977387,"XLU"
"2018-06-21",50.28,50.66,50.12,50.4,12703675,"XLU"
"2018-06-20",50.27,50.355,50.01,50.23,12317683,"XLU"
"2018-06-19",49.79,50.37,49.7,50.19,16647391,"XLU"
"2018-06-18",49.51,49.86,49.41,49.7,17226652,"XLU"
"2018-06-15",49.13,49.56,48.74,49.54,21711203,"XLU"
"2018-06-14",49.1,49.74,49.04,49.63,16138550,"XLU"
"2018-06-13",49.21,49.5,48.87,49.02,16725749,"XLU"
"2018-06-12",48.55,49.21,48.52,49.15,16661331,"XLU"
"2018-06-11",48.8,48.98,48.45,48.59,17335210,"XLU"
"2018-06-08",48.89,48.91,48.535,48.69,11241244,"XLU"
"2018-06-07",48.45,49.185,48.345,48.71,21525793,"XLU"
"2018-06-06",49.54,49.6,48.37,48.37,26127933,"XLU"
"2018-06-05",49.9,49.965,49.36,49.55,14914625,"XLU"
"2018-06-04",50.31,50.52,49.77,49.81,14364509,"XLU"
"2018-06-01",50.86,50.88,49.97,50.21,17180044,"XLU"
"2018-05-31",50.85,51.288,50.54,50.99,15108242,"XLU"
"2018-05-30",50.36,51,50.23,50.91,13885862,"XLU"
"2018-05-29",50.41,50.8375,50.14,50.5,17280742,"XLU"
"2018-05-25",50.35,50.63,50.245,50.5,13871593,"XLU"
"2018-05-24",49.94,50.315,49.77,50.28,12897818,"XLU"
"2018-05-23",49.59,49.98,49.465,49.87,13582881,"XLU"
"2018-05-22",49.22,49.705,49.22,49.42,11026096,"XLU"
"2018-05-21",49.05,49.3751,48.83,49.24,10742001,"XLU"
"2018-05-18",49.12,49.28,48.61,48.99,11810352,"XLU"
"2018-05-17",49.39,49.53,48.88,48.98,11276030,"XLU"
"2018-05-16",49.79,49.86,49.1925,49.38,13541426,"XLU"
"2018-05-15",49.89,50.12,49.53,49.77,11070733,"XLU"
"2018-05-14",50.46,50.55,49.97,50.19,8512777,"XLU"
"2018-05-11",50.36,50.515,50.18,50.38,6478906,"XLU"
"2018-05-10",50.03,50.32,49.76,50.31,13961716,"XLU"
"2018-05-09",49.97,50.06,49.42,49.61,22150453,"XLU"
"2018-05-08",51.03,51.12,49.87,49.96,23147880,"XLU"
"2018-05-07",51.48,51.585,51.17,51.24,8522029,"XLU"
"2018-05-04",51.37,51.74,51.37,51.51,11743383,"XLU"
"2018-05-03",51.25,51.52,50.7,51.28,16480129,"XLU"
"2018-05-02",51.41,51.59,51.1452,51.35,12980587,"XLU"
"2018-05-01",51.56,51.65,51.31,51.4,10971329,"XLU"
"2018-04-30",51.79,51.96,51.51,51.56,12745989,"XLU"
"2018-04-27",51.13,51.9,51.03,51.71,17157296,"XLU"
"2018-04-26",50.73,51.26,50.5,51.19,11767067,"XLU"
"2018-04-25",50.49,50.86,50.3,50.68,13403409,"XLU"
"2018-09-14",75.07,75.265,74.6,74.94,9439156,"XLK"
"2018-09-13",74.59,75.19,74.57,75,12727444,"XLK"
"2018-09-12",74.28,74.29,73.53,74.13,16268233,"XLK"
"2018-09-11",73.6,74.6,73.42,74.44,13595012,"XLK"
"2018-09-10",73.85,73.95,73.405,73.81,16654881,"XLK"
"2018-09-07",73.35,74.17,73.27,73.58,14230964,"XLK"
"2018-09-06",74.26,74.42,73.25,73.83,13978783,"XLK"
"2018-09-05",75.21,75.27,73.99,74.37,16426553,"XLK"
"2018-09-04",75.25,75.42,74.8,75.31,11073920,"XLK"
"2018-08-31",75.47,75.8,75.34,75.6,10269170,"XLK"
"2018-08-30",75.56,76.03,75.31,75.54,10520312,"XLK"
"2018-08-29",75.18,75.82,75.17,75.77,11182347,"XLK"
"2018-08-28",75.11,75.255,74.88,75.09,7385363,"XLK"
"2018-08-27",74.68,75,74.48,74.96,8207455,"XLK"
"2018-08-24",73.74,74.3,73.73,74.28,6557635,"XLK"
"2018-08-23",73.25,73.94,73.25,73.54,9367818,"XLK"
"2018-08-22",72.94,73.49,72.83,73.38,6371245,"XLK"
"2018-08-21",73.24,73.62,73.07,73.16,8002432,"XLK"
"2018-08-20",73.32,73.34,72.75,73.04,10619833,"XLK"
"2018-08-17",72.82,73.35,72.58,73.15,9024155,"XLK"
"2018-08-16",73.28,73.48,72.88,73.04,9104839,"XLK"
"2018-08-15",72.92,73.19,72.15,72.72,17792225,"XLK"
"2018-08-14",73.18,73.4662,72.77,73.38,9179535,"XLK"
"2018-08-13",73.14,73.7,72.91,72.93,12064769,"XLK"
"2018-08-10",73.07,73.38,72.82,73.03,11569162,"XLK"
"2018-08-09",73.66,73.9,73.56,73.62,11723235,"XLK"
"2018-08-08",73.35,73.73,73.16,73.59,7099160,"XLK"
"2018-08-07",73.37,73.645,73.26,73.39,10272737,"XLK"
"2018-08-06",72.69,73.15,72.515,73.11,7500345,"XLK"
"2018-08-03",72.48,72.72,72.15,72.72,7245702,"XLK"
"2018-08-02",70.9,72.55,70.9,72.46,13104923,"XLK"
"2018-08-01",71.43,71.79,71.17,71.56,14661395,"XLK"
"2018-07-31",70.95,71.38,70.525,70.92,14977005,"XLK"
"2018-07-30",71.81,71.92,70.32,70.73,17847711,"XLK"
"2018-07-27",73.19,73.24,71.4,71.85,31777544,"XLK"
"2018-07-26",72.97,73.34,72.84,73.1,12547190,"XLK"
"2018-07-25",73.34,74.24,73.23,74.24,15288805,"XLK"
"2018-07-24",73.65,73.936,73.015,73.32,10778640,"XLK"
"2018-07-23",72.4,72.96,72.115,72.92,12575508,"XLK"
"2018-07-20",72.81,72.95,72.46,72.55,7219886,"XLK"
"2018-07-19",72.61,72.89,72.4,72.53,7455318,"XLK"
"2018-07-18",72.89,72.9,72.53,72.79,7081957,"XLK"
"2018-07-17",71.85,73.03,71.81,72.91,7451575,"XLK"
"2018-07-16",72.56,72.71,72.23,72.37,6665953,"XLK"
"2018-07-13",72.63,72.72,72.3032,72.54,9258443,"XLK"
"2018-07-12",71.8,72.66,71.72,72.62,11853325,"XLK"
"2018-07-11",71.26,71.77,71.15,71.49,12975071,"XLK"
"2018-07-10",71.61,71.97,71.61,71.77,11493129,"XLK"
"2018-07-09",71.44,71.62,71.07,71.6,8727604,"XLK"
"2018-07-06",70.28,71.17,70.11,71.06,12802009,"XLK"
"2018-07-05",69.69,70.28,69.49,70.24,13659996,"XLK"
"2018-07-03",70.3,70.35,69.21,69.26,6361411,"XLK"
"2018-07-02",68.87,70.11,68.77,70.09,12545908,"XLK"
"2018-06-29",69.77,70.065,69.43,69.47,10009814,"XLK"
"2018-06-28",68.57,69.73,68.57,69.5,17799048,"XLK"
"2018-06-27",69.83,70.15,68.64,68.66,22054604,"XLK"
"2018-06-26",69.55,70.065,69.38,69.61,13862844,"XLK"
"2018-06-25",70.23,70.3,68.725,69.33,18027741,"XLK"
"2018-06-22",71.21,71.23,70.511,70.8,15739988,"XLK"
"2018-06-21",71.86,71.9,70.865,71.03,14817113,"XLK"
"2018-06-20",71.6,71.92,71.5,71.58,11465613,"XLK"
"2018-06-19",70.92,71.46,70.52,71.43,12956679,"XLK"
"2018-06-18",71.22,71.85,71,71.8,8290200,"XLK"
"2018-06-15",71.74,71.83,71.29,71.72,16820622,"XLK"
"2018-06-14",72.02,72.425,71.91,72.25,11327426,"XLK"
"2018-06-13",72.11,72.43,71.71,71.74,14639032,"XLK"
"2018-06-12",71.89,72.165,71.77,72.11,7813398,"XLK"
"2018-06-11",71.72,71.99,71.56,71.76,7323505,"XLK"
"2018-06-08",71.26,71.805,71.11,71.68,9904779,"XLK"
"2018-06-07",72.34,72.34,71.28,71.8,19523632,"XLK"
"2018-06-06",72.03,72.38,71.66,72.38,17689542,"XLK"
"2018-06-05",71.84,72.04,71.64,71.91,17274761,"XLK"
"2018-06-04",71.27,71.73,71.2,71.66,9933038,"XLK"
"2018-06-01",70.37,71.1,70.25,71.09,12722885,"XLK"
"2018-05-31",69.88,70.36,69.74,69.9,15284031,"XLK"
"2018-05-30",69.72,69.97,69.519,69.88,9965160,"XLK"
"2018-05-29",69.4,69.76,68.91,69.37,29330387,"XLK"
"2018-05-25",69.85,70,69.58,69.75,9391355,"XLK"
"2018-05-24",69.86,69.94,69.098,69.8,11200659,"XLK"
"2018-05-23",68.8,69.88,68.79,69.88,14693760,"XLK"
"2018-05-22",69.81,69.91,69.22,69.37,7391047,"XLK"
"2018-05-21",69.5,69.805,69.12,69.47,11289236,"XLK"
"2018-05-18",68.93,69.24,68.81,68.87,7882919,"XLK"
"2018-05-17",69.27,69.7401,68.875,69.16,10800144,"XLK"
"2018-05-16",69.32,69.68,69.16,69.52,6680485,"XLK"
"2018-05-15",69.38,69.444,68.85,69.21,14262592,"XLK"
"2018-05-14",70.11,70.42,69.795,69.87,10130922,"XLK"
"2018-05-11",69.91,70.15,69.65,69.88,8760648,"XLK"
"2018-05-10",69.4,70.03,69.33,69.98,11566266,"XLK"
"2018-05-09",68.41,69.08,68.19,69.08,14413339,"XLK"
"2018-05-08",67.98,68.3,67.67,68.24,15147426,"XLK"
"2018-05-07",67.94,68.405,67.83,68.09,13457406,"XLK"
"2018-05-04",66.11,67.74,66.03,67.62,10841288,"XLK"
"2018-05-03",65.91,66.615,65.325,66.36,15545417,"XLK"
"2018-05-02",66.7,66.95,66.09,66.21,13293729,"XLK"
"2018-05-01",65.37,66.32,65.21,66.28,9273887,"XLK"
"2018-04-30",66.06,66.465,65.375,65.46,8686115,"XLK"
"2018-04-27",66.67,66.72,65.54,65.89,13156483,"XLK"
"2018-04-26",65.64,66.27,65.37,66.01,16543440,"XLK"
"2018-04-25",64.92,65.05,64,64.83,15290279,"XLK"
"2018-09-14",33.77,33.79,33.375,33.58,1828268,"XLRE"
"2018-09-13",33.79,33.96,33.71,33.87,1576464,"XLRE"
"2018-09-12",33.67,33.76,33.51,33.66,1388556,"XLRE"
"2018-09-11",33.51,33.74,33.42,33.63,1534349,"XLRE"
"2018-09-10",33.59,33.8,33.55,33.62,1797136,"XLRE"
"2018-09-07",33.71,33.72,33.41,33.44,1898969,"XLRE"
"2018-09-06",33.81,33.93,33.76,33.87,1960404,"XLRE"
"2018-09-05",33.48,33.85,33.32,33.76,3256969,"XLRE"
"2018-09-04",33.78,33.89,33.48,33.55,2310741,"XLRE"
"2018-08-31",33.76,33.95,33.74,33.85,1579345,"XLRE"
"2018-08-30",33.96,33.97,33.665,33.72,1730056,"XLRE"
"2018-08-29",33.94,34.06,33.88,33.9,1468720,"XLRE"
"2018-08-28",33.54,33.95,33.45,33.95,1887907,"XLRE"
"2018-08-27",33.61,33.6699,33.36,33.54,2515273,"XLRE"
"2018-08-24",33.32,33.6,33.3,33.59,3533112,"XLRE"
"2018-08-23",33.43,33.515,33.34,33.36,1233473,"XLRE"
"2018-08-22",33.63,33.63,33.3,33.44,1380324,"XLRE"
"2018-08-21",33.89,33.95,33.6,33.65,2117720,"XLRE"
"2018-08-20",33.97,34.135,33.91,33.96,1947056,"XLRE"
"2018-08-17",33.62,33.93,33.59,33.92,2608618,"XLRE"
"2018-08-16",33.33,33.63,33.31,33.6,4032213,"XLRE"
"2018-08-15",33.06,33.365,32.96,33.34,2608315,"XLRE"
"2018-08-14",32.99,33.125,32.91,33.05,1559098,"XLRE"
"2018-08-13",32.93,33.03,32.85,32.92,1652317,"XLRE"
"2018-08-10",33.19,33.32,32.91,32.93,2655975,"XLRE"
"2018-08-09",33.2,33.37,33.17,33.25,1937518,"XLRE"
"2018-08-08",33.45,33.45,33.155,33.19,2437336,"XLRE"
"2018-08-07",33.49,33.49,33.21,33.4,2122407,"XLRE"
"2018-08-06",33.57,33.67,33.4,33.47,2860789,"XLRE"
"2018-08-03",33.13,33.585,33.1,33.54,2720956,"XLRE"
"2018-08-02",33.14,33.315,33.0475,33.11,2963070,"XLRE"
"2018-08-01",32.8,33.31,32.65,33.27,3776606,"XLRE"
"2018-07-31",32.67,33.14,32.62,33.05,4027273,"XLRE"
"2018-07-30",32.48,32.515,32.19,32.42,2941061,"XLRE"
"2018-07-27",32.85,32.8548,32.4208,32.45,2666272,"XLRE"
"2018-07-26",32.67,32.9,32.67,32.75,2256929,"XLRE"
"2018-07-25",32.34,32.695,32.32,32.64,2608813,"XLRE"
"2018-07-24",32.39,32.52,32.14,32.32,2104204,"XLRE"
"2018-07-23",32.49,32.49,32.2133,32.41,2796857,"XLRE"
"2018-07-20",32.71,32.77,32.39,32.5,2041667,"XLRE"
"2018-07-19",32.42,32.935,32.36,32.79,2363436,"XLRE"
"2018-07-18",32.55,32.68,32.32,32.48,2092178,"XLRE"
"2018-07-17",32.83,32.91,32.56,32.6,1720405,"XLRE"
"2018-07-16",32.86,32.96,32.5944,32.82,2759077,"XLRE"
"2018-07-13",33.13,33.255,32.98,33,2143349,"XLRE"
"2018-07-12",33.11,33.17,32.94,33.11,1660672,"XLRE"
"2018-07-11",33.1,33.19,32.975,33.03,2347572,"XLRE"
"2018-07-10",32.99,33.17,32.8,33.13,3077336,"XLRE"
"2018-07-09",33.33,33.33,32.81,32.97,2344596,"XLRE"
"2018-07-06",33.23,33.35,33.165,33.28,2440842,"XLRE"
"2018-07-05",32.77,33.16,32.705,33.14,2699731,"XLRE"
"2018-07-03",32.56,32.98,32.47,32.71,2916190,"XLRE"
"2018-07-02",32.67,32.75,32.155,32.52,6280223,"XLRE"
"2018-06-29",32.6,32.86,32.34,32.71,2922950,"XLRE"
"2018-06-28",32.3,32.68,32.3,32.63,2795789,"XLRE"
"2018-06-27",32.48,32.61,32.31,32.31,3679584,"XLRE"
"2018-06-26",32.27,32.545,32.16,32.4,2106650,"XLRE"
"2018-06-25",32.33,32.385,32.045,32.23,6956705,"XLRE"
"2018-06-22",32.14,32.34,31.935,32.31,2292913,"XLRE"
"2018-06-21",31.87,32.07,31.78,32.03,2826958,"XLRE"
"2018-06-20",31.54,31.87,31.48,31.84,3724989,"XLRE"
"2018-06-19",31.34,31.675,31.34,31.5,2535768,"XLRE"
"2018-06-18",31.39,31.55,31.285,31.46,2107132,"XLRE"
"2018-06-15",31.53,31.76,31.4532,31.49,2439031,"XLRE"
"2018-06-14",31.63,31.939,31.63,31.81,2131113,"XLRE"
"2018-06-13",32.23,32.27,31.475,31.51,2002591,"XLRE"
"2018-06-12",31.92,32.31,31.915,32.23,1508887,"XLRE"
"2018-06-11",32.03,32.16,31.99,32.05,1788617,"XLRE"
"2018-06-08",31.92,32.085,31.87,32.06,2237271,"XLRE"
"2018-06-07",31.98,32.03,31.76,31.95,4379659,"XLRE"
"2018-06-06",31.84,31.96,31.715,31.95,2120347,"XLRE"
"2018-06-05",32.07,32.135,31.81,31.86,2623581,"XLRE"
"2018-06-04",31.78,32.02,31.675,32.02,3660699,"XLRE"
"2018-06-01",31.57,31.775,31.48,31.71,2424373,"XLRE"
"2018-05-31",31.54,31.68,31.44,31.58,3811890,"XLRE"
"2018-05-30",31.24,31.805,31.16,31.68,3589029,"XLRE"
"2018-05-29",31.12,31.375,30.99,31.27,3255068,"XLRE"
"2018-05-25",31.07,31.32,31.07,31.19,1713600,"XLRE"
"2018-05-24",31.17,31.29,30.8851,31.04,1537537,"XLRE"
"2018-05-23",30.9,31.27,30.89,31.16,1543949,"XLRE"
"2018-05-22",30.87,30.95,30.7201,30.91,1567206,"XLRE"
"2018-05-21",30.63,30.955,30.43,30.87,1477092,"XLRE"
"2018-05-18",30.56,30.72,30.43,30.56,1395298,"XLRE"
"2018-05-17",30.67,30.72,30.46,30.54,1758187,"XLRE"
"2018-05-16",30.85,30.96,30.6401,30.7,1562199,"XLRE"
"2018-05-15",31.11,31.11,30.695,30.78,2371139,"XLRE"
"2018-05-14",31.54,31.56,31.15,31.31,1882887,"XLRE"
"2018-05-11",31.69,31.81,31.49,31.53,1206691,"XLRE"
"2018-05-10",31.5,31.745,31.47,31.68,1628823,"XLRE"
"2018-05-09",31.15,31.39,31.06,31.39,1498150,"XLRE"
"2018-05-08",31.27,31.32,31.045,31.15,1693246,"XLRE"
"2018-05-07",31.36,31.43,31.235,31.37,1737450,"XLRE"
"2018-05-04",30.93,31.4,30.92,31.31,1804110,"XLRE"
"2018-05-03",30.93,31.085,30.8,30.96,3260561,"XLRE"
"2018-05-02",31,31.13,30.791,30.97,3362818,"XLRE"
"2018-05-01",30.94,31.135,30.8229,31.11,3076965,"XLRE"
"2018-04-30",30.94,31.13,30.85,30.89,2895513,"XLRE"
"2018-04-27",30.51,31.11,30.34,31.01,3408342,"XLRE"
"2018-04-26",30.31,30.7832,30.2862,30.6,2621938,"XLRE"
"2018-04-25",30.26,30.36,30.0332,30.21,2337885,"XLRE"
"2018-09-14",59.56,59.67,59.26,59.41,4853712,"XLB"
"2018-09-13",59.67,59.87,59.4,59.43,4102894,"XLB"
"2018-09-12",59.16,59.47,58.93,59.2,6241297,"XLB"
"2018-09-11",58.62,59.32,58.41,59.17,7748971,"XLB"
"2018-09-10",59.14,59.37,59.02,59.05,4771496,"XLB"
"2018-09-07",58.93,59.2,58.59,58.98,7299060,"XLB"
"2018-09-06",59.32,59.72,58.96,59.37,6004089,"XLB"
"2018-09-05",58.81,59.36,58.64,59.25,4640380,"XLB"
"2018-09-04",59.11,59.14,58.555,58.86,5972217,"XLB"
"2018-08-31",59.36,59.74,59.14,59.27,4280737,"XLB"
"2018-08-30",59.88,60.16,59.27,59.45,5839252,"XLB"
"2018-08-29",59.72,60.265,59.46,60.16,4278504,"XLB"
"2018-08-28",60.03,60.295,59.52,59.71,3843119,"XLB"
"2018-08-27",59.25,60.13,59.25,59.94,5609088,"XLB"
"2018-08-24",58.68,59.205,58.62,59.13,4951582,"XLB"
"2018-08-23",58.65,58.65,58.21,58.37,4442032,"XLB"
"2018-08-22",59.04,59.135,58.695,58.77,5432679,"XLB"
"2018-08-21",58.96,59.34,58.86,59.07,4958048,"XLB"
"2018-08-20",58.54,58.95,58.54,58.84,4841534,"XLB"
"2018-08-17",57.89,58.54,57.87,58.43,5258994,"XLB"
"2018-08-16",57.87,58.32,57.87,58,6344664,"XLB"
"2018-08-15",58,58.02,57.015,57.65,8495167,"XLB"
"2018-08-14",58.33,58.885,58.29,58.58,4136045,"XLB"
"2018-08-13",58.73,58.965,57.865,58.09,5436071,"XLB"
"2018-08-10",59.14,59.249,58.61,58.68,6052286,"XLB"
"2018-08-09",59.41,59.8654,59.41,59.54,4244066,"XLB"
"2018-08-08",59.52,59.69,59.185,59.22,6506249,"XLB"
"2018-08-07",59.44,59.82,59.405,59.47,4757422,"XLB"
"2018-08-06",58.83,59.5,58.64,59.27,4631077,"XLB"
"2018-08-03",58.93,59.315,58.89,59.29,5329586,"XLB"
"2018-08-02",58.63,58.76,58.06,58.73,9268116,"XLB"
"2018-08-01",59.6,59.73,59.01,59.12,6060357,"XLB"
"2018-07-31",59.32,59.8848,59.295,59.73,5237590,"XLB"
"2018-07-30",59.36,59.73,59.09,59.19,3472168,"XLB"
"2018-07-27",59.7,59.75,59.15,59.3,5521057,"XLB"
"2018-07-26",59.17,59.63,58.98,59.52,6197677,"XLB"
"2018-07-25",58.75,59.26,58.335,59.18,4733608,"XLB"
"2018-07-24",58.38,59.045,58.38,58.72,7116827,"XLB"
"2018-07-23",58.27,58.29,57.92,57.97,4149457,"XLB"
"2018-07-20",58.29,58.4968,58.02,58.29,7321014,"XLB"
"2018-07-19",58.53,58.6,58.12,58.53,6417509,"XLB"
"2018-07-18",58.8,59.14,58.32,58.32,5887189,"XLB"
"2018-07-17",58.16,59.065,57.94,58.87,7681982,"XLB"
"2018-07-16",58.61,58.73,57.98,58.11,4491575,"XLB"
"2018-07-13",58.51,58.79,58.42,58.58,3462018,"XLB"
"2018-07-12",58.83,58.88,58.37,58.61,6618968,"XLB"
"2018-07-11",58.85,59.02,58.21,58.47,11345587,"XLB"
"2018-07-10",58.95,59.5,58.95,59.47,5973637,"XLB"
"2018-07-09",58.73,59,58.68,58.97,4537813,"XLB"
"2018-07-06",58.06,58.62,57.79,58.45,4530920,"XLB"
"2018-07-05",58.06,58.21,57.61,58.16,5559184,"XLB"
"2018-07-03",58.13,58.49,57.53,57.66,3389430,"XLB"
"2018-07-02",57.65,57.89,57.35,57.76,7682862,"XLB"
"2018-06-29",57.99,58.77,57.99,58.07,5042866,"XLB"
"2018-06-28",57.67,58.01,57.26,57.87,5889365,"XLB"
"2018-06-27",58.14,58.75,57.63,57.65,5787753,"XLB"
"2018-06-26",57.71,58.0063,57.59,57.83,3708118,"XLB"
"2018-06-25",58.23,58.23,57.1351,57.61,9790554,"XLB"
"2018-06-22",58.11,58.66,58.11,58.52,7114403,"XLB"
"2018-06-21",58.16,58.22,57.58,57.68,7186477,"XLB"
"2018-06-20",58.73,58.73,58.055,58.3,5335255,"XLB"
"2018-06-19",58.88,59,57.99,58.49,7211672,"XLB"
"2018-06-18",59.27,59.69,59.2,59.58,8991531,"XLB"
"2018-06-15",59.76,59.932,59.31,59.73,6527632,"XLB"
"2018-06-14",60.59,60.73,60.19,60.43,2539707,"XLB"
"2018-06-13",61.07,61.1,60.27,60.34,4059216,"XLB"
"2018-06-12",61.01,61.205,60.77,61,4477894,"XLB"
"2018-06-11",60.75,61.07,60.64,60.92,2886786,"XLB"
"2018-06-08",60.6,60.94,60.27,60.83,3785980,"XLB"
"2018-06-07",61,61.05,60.39,60.66,5157258,"XLB"
"2018-06-06",59.93,60.99,59.76,60.97,8192437,"XLB"
"2018-06-05",59.48,60.065,59.4,59.86,3325726,"XLB"
"2018-06-04",59.3,59.53,59.26,59.41,4539890,"XLB"
"2018-06-01",58.61,59.255,58.61,59.07,3802671,"XLB"
"2018-05-31",58.74,58.83,58.1501,58.18,5778257,"XLB"
"2018-05-30",58.41,58.85,58.23,58.67,4353085,"XLB"
"2018-05-29",58.51,58.86,57.8,57.99,5849906,"XLB"
"2018-05-25",59.08,59.19,58.795,59.01,4057666,"XLB"
"2018-05-24",59.42,59.64,59.03,59.33,3549370,"XLB"
"2018-05-23",59.29,59.56,59.01,59.54,3649405,"XLB"
"2018-05-22",60.18,60.36,59.62,59.68,3852495,"XLB"
"2018-05-21",60.18,60.32,59.97,60.18,5296034,"XLB"
"2018-05-18",59.71,60.03,59.68,59.86,3275355,"XLB"
"2018-05-17",59.5,60,59.5,59.78,10367324,"XLB"
"2018-05-16",58.94,59.72,58.94,59.64,3362412,"XLB"
"2018-05-15",58.82,59.04,58.46,58.94,7164115,"XLB"
"2018-05-14",59.06,59.31,58.89,59.12,2785781,"XLB"
"2018-05-11",58.95,59.3655,58.81,58.89,3552474,"XLB"
"2018-05-10",58.54,59.25,58.5,58.91,4832997,"XLB"
"2018-05-09",57.88,58.57,57.88,58.49,12032851,"XLB"
"2018-05-08",57.64,57.9,57.35,57.66,3674612,"XLB"
"2018-05-07",57.86,58.14,57.5849,57.78,4945845,"XLB"
"2018-05-04",56.72,58.115,56.69,57.8,4453112,"XLB"
"2018-05-03",56.9,57.46,56.29,57.09,9760780,"XLB"
"2018-05-02",57.05,57.27,56.72,56.83,6370269,"XLB"
"2018-05-01",56.7,56.98,56.22,56.96,6281069,"XLB"
"2018-04-30",57.85,58.05,56.95,57.01,4875198,"XLB"
"2018-04-27",57.92,58.07,57.345,57.76,7898374,"XLB"
"2018-04-26",57.82,58.15,57.49,57.91,4937570,"XLB"
"2018-04-25",57.34,57.73,56.82,57.55,7950493,"XLB"
"2018-09-14",78.7,79.13,78.44,79.07,8478536,"XLI"
"2018-09-13",78.59,78.955,78.39,78.68,8848986,"XLI"
"2018-09-12",77.93,78.525,77.765,78.21,10906171,"XLI"
"2018-09-11",77.65,78.201,77.4701,77.97,6945629,"XLI"
"2018-09-10",77.89,78.3,77.89,77.99,9550246,"XLI"
"2018-09-07",77.62,77.95,77.18,77.59,11039720,"XLI"
"2018-09-06",77.64,78.06,77.5,77.83,8082965,"XLI"
"2018-09-05",76.91,77.61,76.71,77.59,10761284,"XLI"
"2018-09-04",76.81,77.1,76.65,77.04,8597691,"XLI"
"2018-08-31",76.86,77.24,76.791,77.1,7192428,"XLI"
"2018-08-30",77.42,77.61,76.86,77.05,10145635,"XLI"
"2018-08-29",77.59,77.73,77.36,77.59,6339043,"XLI"
"2018-08-28",77.84,77.92,77.47,77.53,8440645,"XLI"
"2018-08-27",77.1,77.71,77.01,77.69,9767530,"XLI"
"2018-08-24",76.57,76.77,76.36,76.72,6411553,"XLI"
"2018-08-23",76.65,76.65,76.21,76.39,8336522,"XLI"
"2018-08-22",77.16,77.25,76.61,76.61,7149661,"XLI"
"2018-08-21",76.88,77.46,76.88,77.36,10033984,"XLI"
"2018-08-20",76.44,76.945,76.4,76.79,8239331,"XLI"
"2018-08-17",75.64,76.44,75.61,76.28,13993103,"XLI"
"2018-08-16",75.46,75.995,75.25,75.82,10447180,"XLI"
"2018-08-15",74.61,74.99,73.99,74.87,20329384,"XLI"
"2018-08-14",75,75.53,74.94,75.23,8500515,"XLI"
"2018-08-13",75.38,75.41,74.51,74.71,13471775,"XLI"
"2018-08-10",75.3,75.43,74.86,75.07,10684816,"XLI"
"2018-08-09",76.14,76.34,75.685,75.74,13085874,"XLI"
"2018-08-08",76.45,76.51,76.06,76.16,4745182,"XLI"
"2018-08-07",76.22,76.61,76.005,76.5,8381937,"XLI"
"2018-08-06",75.81,75.99,75.5,75.96,5460333,"XLI"
"2018-08-03",75.72,75.9,75.375,75.85,11021674,"XLI"
"2018-08-02",75.34,75.88,75.11,75.78,10812428,"XLI"
"2018-08-01",76.63,76.68,75.685,75.88,14214593,"XLI"
"2018-07-31",75.83,76.985,75.695,76.92,17709453,"XLI"
"2018-07-30",76.11,76.5,75.18,75.26,13423598,"XLI"
"2018-07-27",76.15,76.34,75.651,76.01,11281629,"XLI"
"2018-07-26",75.26,76.1499,75.25,76,15115428,"XLI"
"2018-07-25",74.07,75.42,73.95,75.42,17967872,"XLI"
"2018-07-24",74.36,74.72,73.96,74.29,12140416,"XLI"
"2018-07-23",74.26,74.285,73.84,73.98,7822045,"XLI"
"2018-07-20",74.42,74.72,74.12,74.44,7922415,"XLI"
"2018-07-19",74.27,74.68,73.97,74.52,8790004,"XLI"
"2018-07-18",74,74.76,73.91,74.55,13821348,"XLI"
"2018-07-17",73.39,73.83,73.19,73.74,7326022,"XLI"
"2018-07-16",73.89,74.055,73.26,73.45,9576084,"XLI"
"2018-07-13",73.34,73.88,73.3,73.75,18494295,"XLI"
"2018-07-12",73.06,73.45,72.61,73.37,12705631,"XLI"
"2018-07-11",73.09,73.1,72.36,72.52,14207965,"XLI"
"2018-07-10",73.53,73.9,73.34,73.73,9880441,"XLI"
"2018-07-09",72.48,73.52,72.405,73.5,13033985,"XLI"
"2018-07-06",71.85,72.375,71.425,72.16,9757529,"XLI"
"2018-07-05",71.81,71.96,71.22,71.91,8465722,"XLI"
"2018-07-03",72.07,72.4,71.37,71.56,7083332,"XLI"
"2018-07-02",71.07,71.8,70.89,71.79,14098693,"XLI"
"2018-06-29",71.78,72.4301,71.6,71.63,14907976,"XLI"
"2018-06-28",71.24,71.8,70.815,71.48,15329838,"XLI"
"2018-06-27",72.25,73.01,71.35,71.38,19853403,"XLI"
"2018-06-26",72.01,72.32,71.803,71.96,11351851,"XLI"
"2018-06-25",72.04,72.22,71.225,71.69,23091537,"XLI"
"2018-06-22",72.87,73.08,72.53,72.61,13657361,"XLI"
"2018-06-21",73.01,73.14,72.11,72.36,15497833,"XLI"
"2018-06-20",73.48,73.52,73.02,73.28,11975928,"XLI"
"2018-06-19",73.95,74,72.95,73.23,17955385,"XLI"
"2018-06-18",74.55,74.94,74.34,74.81,8330311,"XLI"
"2018-06-15",74.81,75.26,74.29,75.12,14757419,"XLI"
"2018-06-14",76.14,76.345,75.41,75.61,10501482,"XLI"
"2018-06-13",76.54,76.59,75.85,75.9,8553710,"XLI"
"2018-06-12",76.71,76.78,76.315,76.51,5802797,"XLI"
"2018-06-11",76.45,76.82,76.3501,76.59,5225259,"XLI"
"2018-06-08",76.08,76.5401,75.92,76.44,6557887,"XLI"
"2018-06-07",76.05,76.29,75.71,76.19,9952435,"XLI"
"2018-06-06",75.41,75.95,75.17,75.87,6751882,"XLI"
"2018-06-05",75.15,75.39,74.915,75.24,7906097,"XLI"
"2018-06-04",75.51,75.85,75.04,75.15,8788678,"XLI"
"2018-06-01",74.87,75.39,74.82,75.26,9717092,"XLI"
"2018-05-31",75.38,75.425,74.21,74.44,14117049,"XLI"
"2018-05-30",74.97,75.605,74.72,75.53,11431713,"XLI"
"2018-05-29",75.06,75.25,74.13,74.48,18470390,"XLI"
"2018-05-25",75.68,75.935,75.47,75.69,8111816,"XLI"
"2018-05-24",75.27,75.94,75.18,75.83,9371754,"XLI"
"2018-05-23",75.07,75.46,74.77,75.46,12908999,"XLI"
"2018-05-22",76.6,76.68,75.495,75.53,8754854,"XLI"
"2018-05-21",76.1,76.81,76,76.47,13744056,"XLI"
"2018-05-18",74.89,75.465,74.86,75.33,7482934,"XLI"
"2018-05-17",74.57,75.21,74.52,74.89,7519490,"XLI"
"2018-05-16",74.32,74.85,74.24,74.6,6281408,"XLI"
"2018-05-15",74.18,74.39,74.01,74.33,10180484,"XLI"
"2018-05-14",74.89,75.14,74.4149,74.58,5856613,"XLI"
"2018-05-11",74.65,75.03,74.51,74.71,8060037,"XLI"
"2018-05-10",74.33,74.71,74.2,74.55,7213729,"XLI"
"2018-05-09",73.49,74.29,73.41,74.05,14973378,"XLI"
"2018-05-08",72.7,73.36,72.55,73.26,10341591,"XLI"
"2018-05-07",72.5,72.95,72.41,72.74,11812606,"XLI"
"2018-05-04",70.9,72.495,70.82,72.26,11695457,"XLI"
"2018-05-03",70.91,71.8,70.03,71.43,25826562,"XLI"
"2018-05-02",71.61,72.99,71.18,71.26,14789338,"XLI"
"2018-05-01",72.11,72.14,70.79,71.89,21829489,"XLI"
"2018-04-30",73.39,73.53,72.21,72.22,15867537,"XLI"
"2018-04-27",73,73.33,72.723,73.19,11555792,"XLI"
"2018-04-26",73.53,73.72,72.68,73.34,19955376,"XLI"
"2018-04-25",73.48,73.84,72.48,73.61,14949377,"XLI"
"2018-09-14",93.92,93.92,93.36,93.53,5929022,"XLV"
"2018-09-13",93.09,93.84,93,93.84,10603828,"XLV"
"2018-09-12",92.29,92.86,92.11,92.69,11056597,"XLV"
"2018-09-11",92.15,92.41,91.84,92.23,5683869,"XLV"
"2018-09-10",92.78,92.95,92.22,92.31,4233993,"XLV"
"2018-09-07",92.19,92.64,92.05,92.55,5591062,"XLV"
"2018-09-06",92.4,92.6,91.85,92.41,5940322,"XLV"
"2018-09-05",91.97,92.41,91.795,92.41,10218935,"XLV"
"2018-09-04",92.7,92.76,91.82,92.04,6875469,"XLV"
"2018-08-31",92.58,92.86,92.4,92.78,5808393,"XLV"
"2018-08-30",92.8,93.11,92.6,92.8,5266116,"XLV"
"2018-08-29",92.29,92.965,92.19,92.87,5338515,"XLV"
"2018-08-28",92.36,92.39,92.07,92.27,4954106,"XLV"
"2018-08-27",92.22,92.29,91.83,92.22,4671309,"XLV"
"2018-08-24",91.66,91.89,91.485,91.89,4029139,"XLV"
"2018-08-23",91.43,91.67,91.23,91.45,6058378,"XLV"
"2018-08-22",91.18,91.68,91.07,91.48,3954306,"XLV"
"2018-08-21",91.62,91.66,91.195,91.39,6395926,"XLV"
"2018-08-20",91.3,91.56,91.25,91.39,8144869,"XLV"
"2018-08-17",90.74,91.3749,90.53,91.09,5455285,"XLV"
"2018-08-16",90.19,90.93,90.08,90.81,6916702,"XLV"
"2018-08-15",89.8,90.04,89.36,89.93,6840614,"XLV"
"2018-08-14",89.79,90.24,89.7,90.08,5497737,"XLV"
"2018-08-13",89.73,90.085,89.425,89.66,6563902,"XLV"
"2018-08-10",89.69,90.16,89.32,89.63,5389456,"XLV"
"2018-08-09",90.13,90.38,89.925,90.02,5680303,"XLV"
"2018-08-08",89.99,90.25,89.79,90.12,5020356,"XLV"
"2018-08-07",89.98,90.28,89.86,89.98,5170584,"XLV"
"2018-08-06",89.76,90.1699,89.4434,89.97,4751412,"XLV"
"2018-08-03",89.35,89.875,89.23,89.81,5884770,"XLV"
"2018-08-02",88.57,89.465,88.53,89.28,5666184,"XLV"
"2018-08-01",88.88,89.28,88.88,88.95,5733043,"XLV"
"2018-07-31",88.33,89.05,88.2,88.93,6719131,"XLV"
"2018-07-30",87.89,88.18,87.75,88.01,5531205,"XLV"
"2018-07-27",88.64,88.64,87.64,87.96,5743036,"XLV"
"2018-07-26",88.7,88.91,88.41,88.6,5763060,"XLV"
"2018-07-25",87.68,88.87,87.59,88.85,9297528,"XLV"
"2018-07-24",87.4,87.88,87.34,87.73,6467139,"XLV"
"2018-07-23",86.71,87.05,86.61,86.94,3824739,"XLV"
"2018-07-20",86.69,86.89,86.51,86.76,4822554,"XLV"
"2018-07-19",87.21,87.39,86.553,86.93,5204046,"XLV"
"2018-07-18",87.37,87.44,87.11,87.42,7575723,"XLV"
"2018-07-17",86.84,87.4752,86.8,87.35,5849313,"XLV"
"2018-07-16",87.47,87.47,86.745,86.87,5388542,"XLV"
"2018-07-13",87.05,87.59,87,87.4,6048678,"XLV"
"2018-07-12",86.71,87.295,86.66,87.24,4461646,"XLV"
"2018-07-11",86.5,86.59,86.22,86.28,6434456,"XLV"
"2018-07-10",86.81,87.0072,86.58,86.97,6123152,"XLV"
"2018-07-09",86.35,86.805,86.32,86.64,7874410,"XLV"
"2018-07-06",85.2,86.155,85.1,86.01,9823810,"XLV"
"2018-07-05",84.31,84.875,84.11,84.79,7458631,"XLV"
"2018-07-03",84.02,84.31,83.7,83.92,3023094,"XLV"
"2018-07-02",83,83.77,82.72,83.72,9364654,"XLV"
"2018-06-29",83.55,84.2,83.4,83.46,6483097,"XLV"
"2018-06-28",82.87,83.5,82.29,83.29,9026946,"XLV"
"2018-06-27",83.89,84.32,83.12,83.18,7420476,"XLV"
"2018-06-26",84.22,84.2803,83.78,83.89,5560148,"XLV"
"2018-06-25",84.61,84.94,83.51,84.15,9925144,"XLV"
"2018-06-22",84.86,85.255,84.64,84.93,9885619,"XLV"
"2018-06-21",84.96,84.965,84.35,84.55,7423429,"XLV"
"2018-06-20",84.97,85.235,84.785,85.04,5900793,"XLV"
"2018-06-19",84.06,84.89,83.93,84.86,6431697,"XLV"
"2018-06-18",84.94,84.94,84.29,84.64,7342605,"XLV"
"2018-06-15",85.19,85.5005,84.8,85.46,9349332,"XLV"
"2018-06-14",85.34,85.66,85.1,85.61,9379776,"XLV"
"2018-06-13",85.3,85.72,85.055,85.17,10379181,"XLV"
"2018-06-12",85.29,85.29,84.77,85.15,6829166,"XLV"
"2018-06-11",85.05,85.61,84.85,85.2,7074377,"XLV"
"2018-06-08",84.52,85.1,84.38,85.04,6247131,"XLV"
"2018-06-07",84.69,84.765,84.135,84.55,7405595,"XLV"
"2018-06-06",83.79,84.53,83.45,84.44,7218947,"XLV"
"2018-06-05",83.7,83.8752,83.1,83.5,5444372,"XLV"
"2018-06-04",83.46,83.7888,83.19,83.67,7230786,"XLV"
"2018-06-01",82.74,83.39,82.65,83.36,8037829,"XLV"
"2018-05-31",83.16,83.225,82.38,82.41,11543475,"XLV"
"2018-05-30",82.65,83.51,82.56,83.32,13167674,"XLV"
"2018-05-29",82.4,82.549,81.57,82.09,18236759,"XLV"
"2018-05-25",83.09,83.46,82.795,82.94,6853296,"XLV"
"2018-05-24",83.34,83.48,82.685,83.06,7166498,"XLV"
"2018-05-23",82.77,83.42,82.6738,83.39,8360471,"XLV"
"2018-05-22",83.45,83.55,82.99,83.12,5770209,"XLV"
"2018-05-21",83.59,83.75,83.155,83.28,6406467,"XLV"
"2018-05-18",83.05,83.37,82.765,83.2,5838854,"XLV"
"2018-05-17",82.88,83.13,82.52,82.99,6610357,"XLV"
"2018-05-16",82.46,83.25,82.45,82.96,7013641,"XLV"
"2018-05-15",83.03,83.13,82.23,82.5,8806830,"XLV"
"2018-05-14",83.18,83.925,83.01,83.58,11837573,"XLV"
"2018-05-11",81.88,83.19,81.73,83.03,10434026,"XLV"
"2018-05-10",81.07,82.17,81.02,81.81,7845452,"XLV"
"2018-05-09",80.42,81.08,79.98,80.73,11340180,"XLV"
"2018-05-08",80.68,80.75,79.7895,80.27,9522278,"XLV"
"2018-05-07",81.26,81.58,80.67,80.88,5886540,"XLV"
"2018-05-04",80.12,81.27,79.81,81,7889544,"XLV"
"2018-05-03",80.72,80.73,79.31,80.36,13524121,"XLV"
"2018-05-02",81.79,81.85,80.91,81.09,11594285,"XLV"
"2018-05-01",82.16,82.45,81.525,82.22,8498012,"XLV"
"2018-04-30",83.9,83.95,82.25,82.26,7240985,"XLV"
"2018-04-27",83.14,83.67,82.96,83.54,6663258,"XLV"
"2018-04-26",82.4,83.515,82.4,83.2,9463278,"XLV"
"2018-04-25",81.69,82.2,81.12,82.16,8068698,"XLV"
"2018-09-14",28.07,28.255,28.06,28.23,34150959,"XLF"
"2018-09-13",28.14,28.28,27.97,28.03,44977107,"XLF"
"2018-09-12",28.33,28.39,28.05,28.07,47963444,"XLF"
"2018-09-11",28.22,28.41,28.12,28.33,32065453,"XLF"
"2018-09-10",28.4,28.44,28.27,28.3,29927169,"XLF"
"2018-09-07",28.42,28.44,28.21,28.33,43644283,"XLF"
"2018-09-06",28.45,28.53,28.27,28.36,38328974,"XLF"
"2018-09-05",28.45,28.64,28.43,28.49,32727695,"XLF"
"2018-09-04",28.27,28.495,28.2,28.47,43145632,"XLF"
"2018-08-31",28.26,28.35,28.171,28.33,34107750,"XLF"
"2018-08-30",28.45,28.56,28.31,28.36,43264120,"XLF"
"2018-08-29",28.59,28.66,28.44,28.58,34015284,"XLF"
"2018-08-28",28.7,28.72,28.54,28.59,28896792,"XLF"
"2018-08-27",28.35,28.72,28.34,28.62,52254529,"XLF"
"2018-08-24",28.25,28.295,28.19,28.24,22064526,"XLF"
"2018-08-23",28.26,28.29,28.1046,28.14,31767818,"XLF"
"2018-08-22",28.25,28.376,28.23,28.27,27323256,"XLF"
"2018-08-21",28.28,28.51,28.22,28.37,47940015,"XLF"
"2018-08-20",28.17,28.31,28.13,28.26,30053680,"XLF"
"2018-08-17",28.03,28.21,28.03,28.17,43193141,"XLF"
"2018-08-16",27.87,28.19,27.87,28.11,49534158,"XLF"
"2018-08-15",27.73,27.88,27.61,27.74,55681123,"XLF"
"2018-08-14",27.8,28.01,27.72,27.96,43659034,"XLF"
"2018-08-13",27.97,28.04,27.69,27.7,74413496,"XLF"
"2018-08-10",27.93,28.069,27.83,27.97,83301442,"XLF"
"2018-08-09",28.4,28.47,28.3,28.3,29357810,"XLF"
"2018-08-08",28.36,28.52,28.34,28.47,47523171,"XLF"
"2018-08-07",28.35,28.56,28.325,28.4,44608618,"XLF"
"2018-08-06",28.16,28.34,28.1,28.27,38230123,"XLF"
"2018-08-03",27.92,28.12,27.92,28.12,34894345,"XLF"
"2018-08-02",27.77,28.0068,27.68,27.96,38330747,"XLF"
"2018-08-01",28.13,28.27,27.88,27.95,64046851,"XLF"
"2018-07-31",28.23,28.24,27.89,27.95,84500132,"XLF"
"2018-07-30",28.15,28.355,28.11,28.15,56474138,"XLF"
"2018-07-27",28.06,28.269,27.97,28.13,63159633,"XLF"
"2018-07-26",28.15,28.256,28.04,28.07,40056838,"XLF"
"2018-07-25",28,28.13,27.85,28.08,44262784,"XLF"
"2018-07-24",28.05,28.19,27.945,28.02,63133677,"XLF"
"2018-07-23",27.56,27.98,27.55,27.94,81516221,"XLF"
"2018-07-20",27.46,27.64,27.36,27.56,52288061,"XLF"
"2018-07-19",27.79,27.7955,27.47,27.51,61765223,"XLF"
"2018-07-18",27.6,27.98,27.56,27.93,59109184,"XLF"
"2018-07-17",27.49,27.6,27.34,27.49,55502230,"XLF"
"2018-07-16",27.06,27.48,27.04,27.46,55812035,"XLF"
"2018-07-13",26.99,27.0737,26.7,26.98,64151172,"XLF"
"2018-07-12",27.22,27.24,26.94,27.1,64876803,"XLF"
"2018-07-11",27.03,27.19,26.99,27.05,46023735,"XLF"
"2018-07-10",27.3,27.3899,27.1,27.18,51260559,"XLF"
"2018-07-09",26.81,27.31,26.78,27.28,73447360,"XLF"
"2018-07-06",26.47,26.78,26.37,26.67,41287510,"XLF"
"2018-07-05",26.62,26.68,26.45,26.54,40668535,"XLF"
"2018-07-03",26.79,26.87,26.42,26.48,30717772,"XLF"
"2018-07-02",26.37,26.73,26.35,26.72,66202782,"XLF"
"2018-06-29",26.92,27.07,26.55,26.59,77208627,"XLF"
"2018-06-28",26.36,26.7,26.31,26.59,78544814,"XLF"
"2018-06-27",26.68,26.88,26.35,26.36,78091755,"XLF"
"2018-06-26",26.8,26.83,26.52,26.69,56480350,"XLF"
"2018-06-25",26.95,27,26.595,26.78,80746078,"XLF"
"2018-06-22",27.39,27.42,27.05,27.07,61978929,"XLF"
"2018-06-21",27.19,27.355,27.01,27.2,75190888,"XLF"
"2018-06-20",27.6,27.6,27.25,27.28,42833585,"XLF"
"2018-06-19",27.14,27.4199,27.13,27.35,50214730,"XLF"
"2018-06-18",27.23,27.46,27.14,27.42,49824557,"XLF"
"2018-06-15",27.3,27.555,27.11,27.47,63387564,"XLF"
"2018-06-14",27.9,27.95,27.51,27.59,70635531,"XLF"
"2018-06-13",27.96,28.18,27.82,27.85,61095759,"XLF"
"2018-06-12",28.1,28.17,27.81,27.95,55517218,"XLF"
"2018-06-11",28.17,28.27,28.02,28.02,47319625,"XLF"
"2018-06-08",28.01,28.11,27.86,28.08,47713396,"XLF"
"2018-06-07",28.07,28.18,27.8524,28.04,65166111,"XLF"
"2018-06-06",27.61,27.97,27.58,27.95,61959987,"XLF"
"2018-06-05",27.48,27.52,27.31,27.45,44996769,"XLF"
"2018-06-04",27.61,27.665,27.524,27.57,44196942,"XLF"
"2018-06-01",27.51,27.63,27.4,27.48,62934254,"XLF"
"2018-05-31",27.35,27.385,27.1,27.18,66686937,"XLF"
"2018-05-30",27.18,27.52,27.11,27.41,65843728,"XLF"
"2018-05-29",27.46,27.5,26.72,26.92,126469714,"XLF"
"2018-05-25",27.81,27.9,27.72,27.85,39312481,"XLF"
"2018-05-24",28.07,28.085,27.6635,27.94,43245202,"XLF"
"2018-05-23",28.15,28.2355,27.86,28.16,44968489,"XLF"
"2018-05-22",28.17,28.5,28.17,28.34,52841403,"XLF"
"2018-05-21",28.11,28.26,28.1,28.15,29647924,"XLF"
"2018-05-18",28.18,28.19,27.94,27.95,33266115,"XLF"
"2018-05-17",28.21,28.28,28,28.18,45070410,"XLF"
"2018-05-16",28.16,28.32,28.1,28.24,31984886,"XLF"
"2018-05-15",28.2,28.34,28.08,28.19,54655751,"XLF"
"2018-05-14",28.34,28.39,28.19,28.24,31292920,"XLF"
"2018-05-11",28.3,28.45,28.2,28.26,25893973,"XLF"
"2018-05-10",28,28.3375,27.9601,28.28,41445454,"XLF"
"2018-05-09",27.77,28.12,27.67,28.05,43817010,"XLF"
"2018-05-08",27.47,27.8265,27.46,27.64,47718493,"XLF"
"2018-05-07",27.37,27.56,27.26,27.45,36873637,"XLF"
"2018-05-04",26.76,27.419,26.67,27.27,40575562,"XLF"
"2018-05-03",27.02,27.06,26.46,26.92,68947893,"XLF"
"2018-05-02",27.36,27.47,27.11,27.15,45430348,"XLF"
"2018-05-01",27.39,27.48,27.17,27.46,46372385,"XLF"
"2018-04-30",27.77,27.92,27.44,27.45,41731358,"XLF"
"2018-04-27",27.61,27.77,27.565,27.7,47185230,"XLF"
"2018-04-26",27.63,27.805,27.52,27.66,33456163,"XLF"
"2018-04-25",27.64,27.79,27.37,27.65,51797569,"XLF"
"2018-09-14",73.88,74.54,73.85,74.26,9494340,"XLE"
"2018-09-13",73.72,74.01,73.23,73.87,11037449,"XLE"
"2018-09-12",74.06,74.57,73.82,73.84,12689419,"XLE"
"2018-09-11",72.7,73.88,72.5,73.46,14281571,"XLE"
"2018-09-10",73.17,73.47,72.745,72.77,8911013,"XLE"
"2018-09-07",72.54,72.93,71.78,72.8,10134371,"XLE"
"2018-09-06",73.9,74.15,72.6149,72.81,14406402,"XLE"
"2018-09-05",73.94,74.22,73.19,74.18,9598117,"XLE"
"2018-09-04",74.78,74.84,73.98,74.28,15094743,"XLE"
"2018-08-31",74.79,74.81,74.13,74.44,8909659,"XLE"
"2018-08-30",75.2,75.35,74.625,75.02,9250541,"XLE"
"2018-08-29",75.01,75.54,74.78,75.23,7760446,"XLE"
"2018-08-28",75.23,75.54,74.72,74.77,8393479,"XLE"
"2018-08-27",74.79,75.185,74.68,75.09,6984879,"XLE"
"2018-08-24",74.46,74.98,74.39,74.54,7753284,"XLE"
"2018-08-23",74,74.13,73.72,74,6468894,"XLE"
"2018-08-22",73.93,74.585,73.88,74.35,9345383,"XLE"
"2018-08-21",73.71,74.06,73.3899,73.47,9509139,"XLE"
"2018-08-20",72.63,73.355,72.6,73.1,8345742,"XLE"
"2018-08-17",72.62,72.8,72.345,72.61,11532984,"XLE"
"2018-08-16",72.26,72.84,72.22,72.43,25013734,"XLE"
"2018-08-15",73.8,73.92,71.7,71.91,26400448,"XLE"
"2018-08-14",74.9,75.01,74.201,74.51,10437874,"XLE"
"2018-08-13",75.15,75.41,74.29,74.33,9817144,"XLE"
"2018-08-10",74.66,75.29,74.51,75.29,16977728,"XLE"
"2018-08-09",75.59,75.73,74.71,74.83,15232467,"XLE"
"2018-08-08",75.55,75.81,75.075,75.53,9401055,"XLE"
"2018-08-07",76.29,76.5,75.84,76.08,11798340,"XLE"
"2018-08-06",75.46,75.88,75.01,75.52,8200093,"XLE"
"2018-08-03",75.49,75.625,74.86,75.24,7663337,"XLE"
"2018-08-02",75.49,75.775,75,75.63,9689758,"XLE"
"2018-08-01",76.45,76.48,75.64,76.05,11172625,"XLE"
"2018-07-31",77.4,77.61,76.9442,77.12,11290711,"XLE"
"2018-07-30",77.24,77.56,76.98,77.26,11394997,"XLE"
"2018-07-27",76.1,77.03,76,76.63,12642806,"XLE"
"2018-07-26",76.29,77.095,76.14,76.96,12187385,"XLE"
"2018-07-25",75.6,76.315,75.23,76.13,11037546,"XLE"
"2018-07-24",74.89,75.94,74.7901,75.5,10168500,"XLE"
"2018-07-23",75.1,75.15,74.425,74.56,7623849,"XLE"
"2018-07-20",75.15,75.32,74.65,74.89,10861317,"XLE"
"2018-07-19",74.93,75.47,74.85,75.15,16231809,"XLE"
"2018-07-18",74.72,75.24,73.98,75.13,15351520,"XLE"
"2018-07-17",75.13,75.5,74.66,75.08,9753183,"XLE"
"2018-07-16",75.51,75.88,74.735,75.38,11390744,"XLE"
"2018-07-13",75.93,76.72,75.73,76.26,11423091,"XLE"
"2018-07-12",75.93,76.35,75.32,75.86,12568031,"XLE"
"2018-07-11",76.65,77.12,75.23,75.73,19362770,"XLE"
"2018-07-10",77.27,78,77.18,77.37,11003761,"XLE"
"2018-07-09",76.13,76.91,76.09,76.8,11059160,"XLE"
"2018-07-06",74.98,75.91,74.63,75.67,9310429,"XLE"
"2018-07-05",75.75,75.99,74.99,75.21,9969537,"XLE"
"2018-07-03",75.6,76.46,75.115,75.29,9308177,"XLE"
"2018-07-02",75.41,75.43,74.41,74.82,15296553,"XLE"
"2018-06-29",75.68,76.74,75.68,75.94,13167937,"XLE"
"2018-06-28",75.68,75.96,74.89,75.47,14285368,"XLE"
"2018-06-27",75.19,76.51,75.16,75.57,20583866,"XLE"
"2018-06-26",73.83,74.86,73.57,74.57,13529149,"XLE"
"2018-06-25",74.93,75.035,73.14,73.64,18380345,"XLE"
"2018-06-22",75.5,75.97,75.14,75.15,28310942,"XLE"
"2018-06-21",74.54,74.58,73.33,73.68,15009796,"XLE"
"2018-06-20",75.19,75.35,74.47,75.07,11655932,"XLE"
"2018-06-19",74.01,75.02,73.8,74.74,12607644,"XLE"
"2018-06-18",73.98,75.41,73.98,74.91,13184372,"XLE"
"2018-06-15",75.36,75.51,74.01,74.17,16089397,"XLE"
"2018-06-14",76.64,76.865,76.125,76.31,10291137,"XLE"
"2018-06-13",76.47,76.87,76.105,76.42,12502106,"XLE"
"2018-06-12",77.3,77.48,76.5,76.71,15707225,"XLE"
"2018-06-11",76.88,77.645,76.72,77.3,10717777,"XLE"
"2018-06-08",77.14,77.35,76.42,76.9,11236625,"XLE"
"2018-06-07",76.3,77.49,76.28,77.05,15178860,"XLE"
"2018-06-06",75.82,76.1,75.23,75.9,13479246,"XLE"
"2018-06-05",75.35,76.12,75.18,75.54,13707928,"XLE"
"2018-06-04",76.64,77.2,75.515,75.72,13689210,"XLE"
"2018-06-01",76.28,76.885,75.97,76.38,14102548,"XLE"
"2018-05-31",76.04,76.925,75.86,76.02,13258724,"XLE"
"2018-05-30",74.99,76.94,74.96,76.6,23022169,"XLE"
"2018-05-29",74,74.8064,73.655,74.35,19327458,"XLE"
"2018-05-25",75.22,75.32,73.84,74.58,32453517,"XLE"
"2018-05-24",76.95,77.07,76.22,76.57,19154752,"XLE"
"2018-05-23",77.41,77.91,76.765,77.85,16605788,"XLE"
"2018-05-22",78.9,79.4167,77.64,77.86,16583398,"XLE"
"2018-05-21",78.55,78.91,78.1545,78.91,11513109,"XLE"
"2018-05-18",78.58,78.66,78.05,78.11,14092682,"XLE"
"2018-05-17",77.8,78.825,77.76,78.72,16271320,"XLE"
"2018-05-16",77.17,77.6,76.78,77.55,11997162,"XLE"
"2018-05-15",77.09,77.4,76.69,77.28,10482690,"XLE"
"2018-05-14",76.97,77.61,76.97,77.26,10226324,"XLE"
"2018-05-11",76.79,77.25,76.56,76.73,12010656,"XLE"
"2018-05-10",76.35,76.8,76,76.62,13890093,"XLE"
"2018-05-09",75.44,76.89,75.43,76.05,24903938,"XLE"
"2018-05-08",73.98,74.57,72.64,74.53,28774057,"XLE"
"2018-05-07",74.43,75.57,73.8,73.95,17973699,"XLE"
"2018-05-04",73.29,74.11,72.99,73.85,13585489,"XLE"
"2018-05-03",73.32,73.61,72.5,73.49,15329576,"XLE"
"2018-05-02",73.14,74.241,73.04,73.66,13434737,"XLE"
"2018-05-01",73.44,73.49,72.43,73.36,13800927,"XLE"
"2018-04-30",73.7,74.64,73.68,73.81,12963191,"XLE"
"2018-04-27",73.85,74.19,73.53,73.82,10539303,"XLE"
"2018-04-26",73.81,74.67,73.58,74.61,12216888,"XLE"
"2018-04-25",72.73,73.64,72.27,73.54,13160121,"XLE"
"2018-09-14",54.86,54.87,54.48,54.76,8925214,"XLP"
"2018-09-13",55.01,55.03,54.6,54.91,9746491,"XLP"
"2018-09-12",54.36,55.11,54.33,54.99,15220029,"XLP"
"2018-09-11",54.49,54.545,54.24,54.36,8121575,"XLP"
"2018-09-10",54.5,54.88,54.5,54.56,8361564,"XLP"
"2018-09-07",54.31,54.41,53.99,54.37,9247266,"XLP"
"2018-09-06",54.31,54.51,54.125,54.48,12333786,"XLP"
"2018-09-05",53.55,54.33,53.49,54.33,14723846,"XLP"
"2018-09-04",53.71,53.94,53.56,53.71,9571079,"XLP"
"2018-08-31",53.8,53.965,53.555,53.78,10472931,"XLP"
"2018-08-30",53.89,54.065,53.69,53.8,11092511,"XLP"
"2018-08-29",53.99,54.065,53.85,53.97,8681006,"XLP"
"2018-08-28",54.08,54.244,53.83,53.91,12621515,"XLP"
"2018-08-27",54.15,54.32,53.88,54.09,10631636,"XLP"
"2018-08-24",54.1,54.21,53.895,54.06,9570526,"XLP"
"2018-08-23",54.1,54.26,53.97,54.13,10714330,"XLP"
"2018-08-22",54.55,54.66,54.185,54.26,13573885,"XLP"
"2018-08-21",54.97,55.045,54.385,54.6,13806258,"XLP"
"2018-08-20",55.09,55.31,54.93,54.99,10189552,"XLP"
"2018-08-17",54.55,55.08,54.44,55.02,13037647,"XLP"
"2018-08-16",54.38,54.7595,54.295,54.6,15526118,"XLP"
"2018-08-15",53.45,53.865,53.145,53.83,15592607,"XLP"
"2018-08-14",53.31,53.66,53.28,53.61,8882529,"XLP"
"2018-08-13",53.33,53.44,53,53.24,8696586,"XLP"
"2018-08-10",53.28,53.46,53.13,53.24,13459229,"XLP"
"2018-08-09",53.61,53.7,53.37,53.44,8047047,"XLP"
"2018-08-08",53.98,54.02,53.58,53.6,12591765,"XLP"
"2018-08-07",54.29,54.36,53.8233,54.01,13766118,"XLP"
"2018-08-06",54.32,54.51,54.2201,54.34,13412054,"XLP"
"2018-08-03",53.79,54.55,53.75,54.29,20418728,"XLP"
"2018-08-02",53.03,53.73,53,53.66,15902898,"XLP"
"2018-08-01",53.41,53.5,53.03,53.12,14917607,"XLP"
"2018-07-31",53.49,53.755,53.175,53.57,17898828,"XLP"
"2018-07-30",53.24,53.45,53,53.32,12143924,"XLP"
"2018-07-27",53.28,53.6362,53.185,53.38,13414400,"XLP"
"2018-07-26",53.24,53.76,53.17,53.31,15129434,"XLP"
"2018-07-25",52.7,53.07,52.59,53.03,15258420,"XLP"
"2018-07-24",52.41,52.725,52.32,52.63,15987683,"XLP"
"2018-07-23",52.76,52.885,52.37,52.53,13337183,"XLP"
"2018-07-20",52.44,52.89,52.35,52.86,17895734,"XLP"
"2018-07-19",52.17,52.77,52.07,52.54,15092767,"XLP"
"2018-07-18",52.88,52.93,52.47,52.51,10474162,"XLP"
"2018-07-17",52.46,53,52.46,52.94,14759326,"XLP"
"2018-07-16",52.7,52.73,52.335,52.49,10347404,"XLP"
"2018-07-13",52.43,52.795,52.41,52.74,14053472,"XLP"
"2018-07-12",52.62,52.71,52.23,52.4,11002279,"XLP"
"2018-07-11",52.58,52.63,52.29,52.47,11484604,"XLP"
"2018-07-10",52.15,52.67,52.04,52.64,15280538,"XLP"
"2018-07-09",52.26,52.335,51.96,52.02,15117910,"XLP"
"2018-07-06",52.12,52.425,51.995,52.22,12335082,"XLP"
"2018-07-05",51.57,52.09,51.47,52.06,11699894,"XLP"
"2018-07-03",51.43,51.615,51.27,51.35,7736260,"XLP"
"2018-07-02",51.3,51.53,50.9,51.23,13255467,"XLP"
"2018-06-29",51.59,51.81,51.3,51.53,13019769,"XLP"
"2018-06-28",51.44,51.68,51.36,51.56,13177374,"XLP"
"2018-06-27",51.6,52.04,51.345,51.56,19857081,"XLP"
"2018-06-26",51.9,52,51.43,51.67,14054809,"XLP"
"2018-06-25",51.51,51.97,51.5,51.89,22124221,"XLP"
"2018-06-22",51.33,51.72,51.32,51.63,9957674,"XLP"
"2018-06-21",51.18,51.375,51.065,51.21,13272677,"XLP"
"2018-06-20",51.21,51.22,50.885,51.11,9562522,"XLP"
"2018-06-19",50.6,51.154,50.57,51.06,12639235,"XLP"
"2018-06-18",51.37,51.39,50.56,50.79,21627254,"XLP"
"2018-06-15",50.84,51.57,50.74,51.54,17217785,"XLP"
"2018-06-14",51.25,51.32,51.06,51.28,9751280,"XLP"
"2018-06-13",51.34,51.42,51.03,51.19,15696018,"XLP"
"2018-06-12",51.28,51.38,51.01,51.35,11362155,"XLP"
"2018-06-11",50.87,51.35,50.87,51.25,13199647,"XLP"
"2018-06-08",50.23,50.86,50.23,50.83,17081511,"XLP"
"2018-06-07",49.77,50.47,49.7,50.21,16618510,"XLP"
"2018-06-06",49.86,49.9,49.55,49.9,12071020,"XLP"
"2018-06-05",50.11,50.14,49.68,49.84,8980891,"XLP"
"2018-06-04",49.76,50.13,49.76,50.07,11665232,"XLP"
"2018-06-01",49.8,49.89,49.53,49.66,10944596,"XLP"
"2018-05-31",50.38,50.43,49.47,49.66,18602977,"XLP"
"2018-05-30",49.96,50.555,49.8,50.47,17628106,"XLP"
"2018-05-29",49.7,49.99,49.55,49.77,14959287,"XLP"
"2018-05-25",49.81,50.2,49.74,49.88,12913469,"XLP"
"2018-05-24",49.84,49.925,49.545,49.8,9843796,"XLP"
"2018-05-23",49.55,49.89,49.48,49.84,18136227,"XLP"
"2018-05-22",49.84,50.09,49.57,49.66,9383838,"XLP"
"2018-05-21",49.73,49.92,49.6,49.75,7928385,"XLP"
"2018-05-18",49.73,49.81,49.35,49.54,15664711,"XLP"
"2018-05-17",49.83,49.97,49.68,49.85,19572887,"XLP"
"2018-05-16",49.48,49.8,49.41,49.68,12151302,"XLP"
"2018-05-15",49.28,49.4599,49.0599,49.33,22686922,"XLP"
"2018-05-14",49.61,49.7,49.44,49.52,6708106,"XLP"
"2018-05-11",49.63,49.879,49.39,49.54,10065201,"XLP"
"2018-05-10",49.48,49.785,49.41,49.54,10242660,"XLP"
"2018-05-09",49.09,49.37,48.99,49.25,9228168,"XLP"
"2018-05-08",49.27,49.32,48.96,49.18,8290789,"XLP"
"2018-05-07",49.8,49.89,49.265,49.38,9665279,"XLP"
"2018-05-04",48.94,49.94,48.89,49.69,13132373,"XLP"
"2018-05-03",49.15,49.26,48.755,48.98,16634626,"XLP"
"2018-05-02",49.87,49.92,48.92,49.03,18818933,"XLP"
"2018-05-01",50.26,50.29,49.66,50.01,10927127,"XLP"
"2018-04-30",50.86,51.0852,50.36,50.45,13892707,"XLP"
"2018-04-27",50.39,50.94,50.34,50.77,11096099,"XLP"
"2018-04-26",50.31,50.7,50.145,50.5,11009891,"XLP"
"2018-04-25",50.09,50.41,49.89,50.2,19012475,"XLP"
"2018-09-14",117.36,117.58,116.44,116.92,3103169,"XLY"
"2018-09-13",117.6,117.74,117.11,117.36,4714434,"XLY"
"2018-09-12",116.96,117.23,116.18,117.16,4572807,"XLY"
"2018-09-11",115.76,117.02,115.555,116.94,4888002,"XLY"
"2018-09-10",116.37,116.45,115.7,116.01,4054876,"XLY"
"2018-09-07",115.05,116.295,114.8,115.58,4460798,"XLY"
"2018-09-06",116.22,116.58,115.08,115.59,5592536,"XLY"
"2018-09-05",117.08,117.1,115.825,115.91,7114947,"XLY"
"2018-09-04",116.83,117.44,116.36,117.17,4453724,"XLY"
"2018-08-31",116.41,117.18,116.41,116.95,4104416,"XLY"
"2018-08-30",116.97,117.16,116.09,116.49,4421818,"XLY"
"2018-08-29",116.17,117.24,115.9399,117.16,8311844,"XLY"
"2018-08-28",115.93,116.01,115.45,115.86,3810009,"XLY"
"2018-08-27",115.46,115.805,115.35,115.63,3016038,"XLY"
"2018-08-24",114.44,115.03,114.26,114.89,5259253,"XLY"
"2018-08-23",114.42,114.84,114.01,114.22,3994524,"XLY"
"2018-08-22",114.22,114.89,114.2,114.33,2757427,"XLY"
"2018-08-21",113.64,114.59,113.59,114.21,4171631,"XLY"
"2018-08-20",112.89,113.365,112.58,113.31,6569293,"XLY"
"2018-08-17",112.29,112.71,111.75,112.51,3011276,"XLY"
"2018-08-16",112.61,112.96,112.29,112.41,3840119,"XLY"
"2018-08-15",112.65,112.65,111.2,111.86,6251821,"XLY"
"2018-08-14",112.81,113.4,112.425,113.24,4190463,"XLY"
"2018-08-13",113.04,113.14,112.12,112.15,5984741,"XLY"
"2018-08-10",113.04,113.25,112.43,112.72,4946200,"XLY"
"2018-08-09",113.21,114.07,113.0001,113.67,5537465,"XLY"
"2018-08-08",113.08,113.43,112.86,113.25,2729031,"XLY"
"2018-08-07",112.84,113.295,112.62,113.13,3220519,"XLY"
"2018-08-06",111.93,112.73,111.61,112.61,3625307,"XLY"
"2018-08-03",111.7,112.01,111.49,111.86,3285887,"XLY"
"2018-08-02",110.2,111.56,110.03,111.48,4361522,"XLY"
"2018-08-01",111.38,111.48,110.24,110.72,5218625,"XLY"
"2018-07-31",111.07,111.725,110.48,111.27,6154738,"XLY"
"2018-07-30",111.65,111.83,110.44,110.75,6566161,"XLY"
"2018-07-27",113.41,113.57,111.14,111.64,6548826,"XLY"
"2018-07-26",112.4,112.79,111.691,111.93,5802016,"XLY"
"2018-07-25",111.39,112.56,111.06,112.52,6269782,"XLY"
"2018-07-24",112.71,112.89,111.44,111.7,4825617,"XLY"
"2018-07-23",112.13,112.25,111.42,112.03,3369156,"XLY"
"2018-07-20",112.66,112.83,112.105,112.15,3334241,"XLY"
"2018-07-19",112.66,113.3,112.57,112.65,3609662,"XLY"
"2018-07-18",112.91,113.31,112.55,112.91,6406110,"XLY"
"2018-07-17",111.7,113.23,111.47,112.98,4071940,"XLY"
"2018-07-16",112.87,113.05,112.435,112.87,3096416,"XLY"
"2018-07-13",112.41,112.77,112.23,112.59,5523716,"XLY"
"2018-07-12",112.02,112.43,111.53,112.34,2914209,"XLY"
"2018-07-11",111.16,111.84,111.07,111.6,4432410,"XLY"
"2018-07-10",111.84,111.97,111.34,111.86,3179634,"XLY"
"2018-07-09",110.99,111.64,110.745,111.62,3730730,"XLY"
"2018-07-06",109.48,110.46,109.22,110.3,5185027,"XLY"
"2018-07-05",109.53,109.63,108.56,109.44,3788631,"XLY"
"2018-07-03",109.96,109.96,108.72,108.9,2909264,"XLY"
"2018-07-02",108.51,109.48,108.22,109.45,6898739,"XLY"
"2018-06-29",109.9,110.35,109.28,109.3,5741368,"XLY"
"2018-06-28",108.37,109.355,107.8,109.11,5973916,"XLY"
"2018-06-27",110.12,110.52,108.24,108.26,6850627,"XLY"
"2018-06-26",109.31,110.03,109,109.68,4632899,"XLY"
"2018-06-25",110.86,110.86,108.27,108.9,12066759,"XLY"
"2018-06-22",112,112.16,111.24,111.32,5568005,"XLY"
"2018-06-21",112.47,112.62,111.32,111.51,6850371,"XLY"
"2018-06-20",112.36,112.6,111.91,112.31,3943049,"XLY"
"2018-06-19",110.93,111.79,110.7359,111.78,6169750,"XLY"
"2018-06-18",111.37,112.15,111.16,111.92,4024162,"XLY"
"2018-06-15",111.42,112.21,111.35,112.11,9106719,"XLY"
"2018-06-14",111.42,112.235,111.37,112.22,4191786,"XLY"
"2018-06-13",110.98,111.635,110.86,111.06,5052535,"XLY"
"2018-06-12",110.56,111.09,110.49,110.89,3488238,"XLY"
"2018-06-11",109.93,110.6,109.93,110.36,3184554,"XLY"
"2018-06-08",109.3,110.2816,109.2,109.92,3843944,"XLY"
"2018-06-07",109.64,110.08,109.33,109.69,5349890,"XLY"
"2018-06-06",108.67,109.45,108.17,109.37,5460404,"XLY"
"2018-06-05",107.79,108.46,107.58,108.36,4580959,"XLY"
"2018-06-04",106.86,107.77,106.81,107.73,4707410,"XLY"
"2018-06-01",106.22,106.65,106.11,106.54,5218729,"XLY"
"2018-05-31",106.31,106.34,105.4,105.76,6433519,"XLY"
"2018-05-30",105.8,106.3951,105.56,106.27,4921622,"XLY"
"2018-05-29",105.61,106.07,104.895,105.31,5904282,"XLY"
"2018-05-25",105.92,106.54,105.81,106.13,3840941,"XLY"
"2018-05-24",105.63,106.15,105.11,105.97,5483535,"XLY"
"2018-05-23",104.6,105.75,104.47,105.74,4627171,"XLY"
"2018-05-22",105.83,106.0698,104.91,104.98,2995215,"XLY"
"2018-05-21",105.37,105.72,105.1,105.45,8747329,"XLY"
"2018-05-18",104.84,105.17,104.64,104.87,4108918,"XLY"
"2018-05-17",105.12,105.75,104.74,105,6364479,"XLY"
"2018-05-16",104.61,105.57,104.61,105.35,3239196,"XLY"
"2018-05-15",104.53,104.67,103.99,104.48,4558014,"XLY"
"2018-05-14",105.05,105.425,104.94,105.09,3324860,"XLY"
"2018-05-11",104.68,105.02,104.54,104.89,4424146,"XLY"
"2018-05-10",104.27,104.77,104.13,104.67,2930771,"XLY"
"2018-05-09",104.09,104.36,103.44,104.29,4024770,"XLY"
"2018-05-08",104.1,104.335,103.365,103.93,6097429,"XLY"
"2018-05-07",104.56,104.67,103.99,104.37,3450033,"XLY"
"2018-05-04",102.2,104.27,102.07,104.02,3989646,"XLY"
"2018-05-03",102.69,102.94,101.36,102.67,7007745,"XLY"
"2018-05-02",103.55,104.08,103.02,103.13,4776889,"XLY"
"2018-05-01",103.36,103.89,102.55,103.84,5605364,"XLY"
"2018-04-30",104.59,105.125,103.69,103.7,5003100,"XLY"
"2018-04-27",105.01,105.25,103.86,104.11,4425648,"XLY"
"2018-04-26",102.6,103.84,102.39,103.64,6484653,"XLY"
"2018-04-25",101.38,102.24,100.52,101.99,9397261,"XLY"
